jornada,nivel,partido,estado,campos_discrepantes,espn_valor,sofascore_valor,espn_id,sofascore_id
8,PARTIDO,AC Milan - Pisa,COINCIDE,,2025-10-24T18:45Z 2-2 (4 goles),2025-10-24T18:45Z 2-2 (4 goles),736861,13981499
8,GOL,AC Milan - Pisa,COINCIDE,,7' Rafael Leão (AC Milan),7' Rafael Leão (AC Milan),736861,13981499
8,GOL,AC Milan - Pisa,COINCIDE,,60' Juan Cuadrado (Pisa) PEN,60' Juan Cuadrado (Pisa) PEN,736861,13981499
8,GOL,AC Milan - Pisa,COINCIDE,,86' M'Bala Nzola (Pisa),86' M'bala Nzola (Pisa),736861,13981499
8,GOL,AC Milan - Pisa,COINCIDE,,90+3' Zachary Athekame (AC Milan),90+3' Zachary Athekame (AC Milan),736861,13981499
8,PARTIDO,Parma - Como,COINCIDE,,2025-10-25T13:00Z 0-0 (0 goles),2025-10-25T13:00Z 0-0 (0 goles),736859,13981497
8,PARTIDO,Udinese - Lecce,COINCIDE,,2025-10-25T13:00Z 3-2 (5 goles),2025-10-25T13:00Z 3-2 (5 goles),736856,13981493
8,GOL,Udinese - Lecce,COINCIDE,,16' Jesper Karlström (Udinese),16' Jesper Karlström (Udinese),736856,13981493
8,GOL,Udinese - Lecce,COINCIDE,,37' Keinan Davis (Udinese),37' Keinan Davis (Udinese),736856,13981493
8,GOL,Udinese - Lecce,COINCIDE,,59' Medon Berisha (Lecce),59' Medon Berisha (Lecce),736856,13981493
8,GOL,Udinese - Lecce,COINCIDE,,89' Adam Buksa (Udinese),89' Adam Buksa (Udinese),736856,13981493
8,GOL,Udinese - Lecce,DISCREPA,goleador,90+6' Konan N’Dri (Lecce),90+6' Konan N'Dri (Lecce),736856,13981493
8,PARTIDO,Napoli - Internazionale,COINCIDE,,2025-10-25T16:00Z 3-1 (4 goles),2025-10-25T16:00Z 3-1 (4 goles),736860,13981498
8,GOL,Napoli - Internazionale,COINCIDE,,33' Kevin De Bruyne (Napoli) PEN,33' Kevin De Bruyne (SSC Napoli) PEN,736860,13981498
8,GOL,Napoli - Internazionale,COINCIDE,,54' Scott McTominay (Napoli),54' Scott McTominay (SSC Napoli),736860,13981498
8,GOL,Napoli - Internazionale,COINCIDE,,59' Hakan Çalhanoglu (Internazionale) PEN,59' Hakan Çalhanoğlu (Inter) PEN,736860,13981498
8,GOL,Napoli - Internazionale,COINCIDE,,66' Frank Anguissa (Napoli),66' Frank Anguissa (SSC Napoli),736860,13981498
8,PARTIDO,Cremonese - Atalanta,COINCIDE,,2025-10-25T18:45Z 1-1 (2 goles),2025-10-25T18:45Z 1-1 (2 goles),736854,13981488
8,GOL,Cremonese - Atalanta,COINCIDE,,78' Jamie Vardy (Cremonese),78' Jamie Vardy (Cremonese),736854,13981488
8,GOL,Cremonese - Atalanta,COINCIDE,,84' Marco Brescianini (Atalanta),84' Marco Brescianini (Atalanta),736854,13981488
8,PARTIDO,Torino - Genoa,COINCIDE,,2025-10-26T11:30Z 2-1 (3 goles),2025-10-26T11:30Z 2-1 (3 goles),736857,13981492
8,GOL,Torino - Genoa,COINCIDE,,7' Morten Thorsby (Genoa),7' Morten Thorsby (Genoa),736857,13981492
8,GOL,Torino - Genoa,COINCIDE,,63' Stefano Sabelli (Torino) AUTOGOL,63' Stefano Sabelli (Torino) AUTOGOL,736857,13981492
8,GOL,Torino - Genoa,COINCIDE,,90' Guillermo Maripán (Torino),90' Guillermo Maripán (Torino),736857,13981492
8,PARTIDO,Hellas Verona - Cagliari,COINCIDE,,2025-10-26T14:00Z 2-2 (4 goles),2025-10-26T14:00Z 2-2 (4 goles),736863,13981489
8,GOL,Hellas Verona - Cagliari,COINCIDE,,23' Roberto Gagliardini (Hellas Verona),23' Roberto Gagliardini (Hellas Verona),736863,13981489
8,GOL,Hellas Verona - Cagliari,COINCIDE,,59' Gift Orban (Hellas Verona),59' Gift Orban (Hellas Verona),736863,13981489
8,GOL,Hellas Verona - Cagliari,COINCIDE,,77' Riyad Idrissi (Cagliari),77' Riyad Idrissi (Cagliari),736863,13981489
8,GOL,Hellas Verona - Cagliari,COINCIDE,,90+2' Mattia Felici (Cagliari),90+2' Mattia Felici (Cagliari),736863,13981489
8,PARTIDO,Sassuolo - AS Roma,COINCIDE,,2025-10-26T14:00Z 0-1 (1 goles),2025-10-26T14:00Z 0-1 (1 goles),736858,13981496
8,GOL,Sassuolo - AS Roma,COINCIDE,,16' Paulo Dybala (AS Roma),16' Paulo Dybala (AS Roma),736858,13981496
8,PARTIDO,Fiorentina - Bologna,COINCIDE,,2025-10-26T17:00Z 2-2 (4 goles),2025-10-26T17:00Z 2-2 (4 goles),736855,13981502
8,GOL,Fiorentina - Bologna,COINCIDE,,25' Santiago Castro (Bologna),25' Santiago Castro (Bologna),736855,13981502
8,GOL,Fiorentina - Bologna,COINCIDE,,52' Nicolò Cambiaghi (Bologna),52' Nicolò Cambiaghi (Bologna),736855,13981502
8,GOL,Fiorentina - Bologna,COINCIDE,,90+4' Moise Kean (Fiorentina) PEN,90+4' Moise Kean (Fiorentina) PEN,736855,13981502
8,GOL,Fiorentina - Bologna,SOLO_ESPN,gol,73' Albert Gudmundsson (Fiorentina) PEN,,736855,13981502
8,GOL,Fiorentina - Bologna,SOLO_SOFASCORE,gol,,74' Albert Guðmundsson (Fiorentina) PEN,736855,13981502
8,PARTIDO,Lazio - Juventus,COINCIDE,,2025-10-26T19:45Z 1-0 (1 goles),2025-10-26T19:45Z 1-0 (1 goles),736862,13981500
8,GOL,Lazio - Juventus,COINCIDE,,9' Toma Basic (Lazio),9' Toma Bašić (Lazio),736862,13981500
