fuente,partido_id,fecha_utc,local,visitante,goles_local,goles_visitante,estado
espn,736881,2025-11-01T14:00Z,Udinese,Atalanta,1,0,STATUS_FULL_TIME
espn,736875,2025-11-01T17:00Z,Napoli,Como,0,0,STATUS_FULL_TIME
espn,736880,2025-11-01T19:45Z,Cremonese,Juventus,1,2,STATUS_FULL_TIME
espn,736883,2025-11-02T11:30Z,Hellas Verona,Internazionale,1,2,STATUS_FULL_TIME
espn,736879,2025-11-02T14:00Z,Fiorentina,Lecce,0,1,STATUS_FULL_TIME
espn,736882,2025-11-02T14:00Z,Torino,Pisa,2,2,STATUS_FULL_TIME
espn,736874,2025-11-02T17:00Z,Parma,Bologna,1,3,STATUS_FULL_TIME
espn,736876,2025-11-02T19:45Z,AC Milan,AS Roma,1,0,STATUS_FULL_TIME
espn,736878,2025-11-03T17:30Z,Sassuolo,Genoa,1,2,STATUS_FULL_TIME
espn,736877,2025-11-03T19:45Z,Lazio,Cagliari,2,0,STATUS_FULL_TIME
