fuente,partido_id,fecha_utc,local,visitante,gol_n,minuto_txt,minuto,anadido,goleador,equipo,penal,autogol,marcador_local_tras_gol,marcador_visitante_tras_gol,nota
sofascore,13981616,2026-01-10T14:00Z,Como,Bologna,1,49,49,0,Nicolò Cambiaghi,Bologna,False,False,0,1,
sofascore,13981616,2026-01-10T14:00Z,Como,Bologna,2,90+4,90,4,Martin Baturina,Como,False,False,1,1,
sofascore,13981624,2026-01-10T14:00Z,Udinese,Pisa,1,13,13,0,Matteo Tramoni,Pisa,False,False,0,1,
sofascore,13981624,2026-01-10T14:00Z,Udinese,Pisa,2,19,19,0,Christian Kabasele,Udinese,False,False,1,1,
sofascore,13981624,2026-01-10T14:00Z,Udinese,Pisa,3,40,40,0,Keinan Davis,Udinese,True,False,2,1,
sofascore,13981624,2026-01-10T14:00Z,Udinese,Pisa,4,67,67,0,Henrik Wendel Meister,Pisa,False,False,2,2,
sofascore,13981619,2026-01-10T17:00Z,AS Roma,Sassuolo,1,76,76,0,Manu Koné,AS Roma,False,False,1,0,
sofascore,13981619,2026-01-10T17:00Z,AS Roma,Sassuolo,2,79,79,0,Matías Soulé,AS Roma,False,False,2,0,
sofascore,13981613,2026-01-10T19:45Z,Atalanta,Torino,1,13,13,0,Charles De Ketelaere,Atalanta,False,False,1,0,
sofascore,13981613,2026-01-10T19:45Z,Atalanta,Torino,2,90+5,90,5,Mario Pašalić,Atalanta,False,False,2,0,
sofascore,13981621,2026-01-11T11:30Z,Lecce,Parma,1,1,1,0,Nikola Štulić,Lecce,False,False,1,0,
sofascore,13981621,2026-01-11T11:30Z,Lecce,Parma,2,64,64,0,Tiago Gabriel,Parma,False,True,1,1,
sofascore,13981621,2026-01-11T11:30Z,Lecce,Parma,3,72,72,0,Mateo Pellegrino,Parma,False,False,1,2,
sofascore,13981614,2026-01-11T14:00Z,Fiorentina,AC Milan,1,66,66,0,Pietro Comuzzo,Fiorentina,False,False,1,0,
sofascore,13981614,2026-01-11T14:00Z,Fiorentina,AC Milan,2,90,90,0,Christopher Nkunku,AC Milan,False,False,1,1,
sofascore,13981615,2026-01-11T17:00Z,Hellas Verona,Lazio,1,79,79,0,Victor Nelsson,Lazio,False,True,0,1,
sofascore,13981618,2026-01-11T19:45Z,Inter,SSC Napoli,1,9,9,0,Federico Dimarco,Inter,False,False,1,0,
sofascore,13981618,2026-01-11T19:45Z,Inter,SSC Napoli,2,26,26,0,Scott McTominay,SSC Napoli,False,False,1,1,
sofascore,13981618,2026-01-11T19:45Z,Inter,SSC Napoli,3,73,73,0,Hakan Çalhanoğlu,Inter,True,False,2,1,
sofascore,13981618,2026-01-11T19:45Z,Inter,SSC Napoli,4,81,81,0,Scott McTominay,SSC Napoli,False,False,2,2,
sofascore,13981617,2026-01-12T17:30Z,Genoa,Cagliari,1,7,7,0,Lorenzo Colombo,Genoa,False,False,1,0,
sofascore,13981617,2026-01-12T17:30Z,Genoa,Cagliari,2,75,75,0,Morten Frendrup,Genoa,False,False,2,0,
sofascore,13981617,2026-01-12T17:30Z,Genoa,Cagliari,3,78,78,0,Leo Østigård,Genoa,False,False,3,0,
sofascore,13981623,2026-01-12T19:45Z,Juventus,Cremonese,1,12,12,0,Gleison Bremer,Juventus,False,False,1,0,
sofascore,13981623,2026-01-12T19:45Z,Juventus,Cremonese,2,15,15,0,Jonathan David,Juventus,False,False,2,0,
sofascore,13981623,2026-01-12T19:45Z,Juventus,Cremonese,3,35,35,0,Kenan Yıldız,Juventus,False,False,3,0,
sofascore,13981623,2026-01-12T19:45Z,Juventus,Cremonese,4,48,48,0,Filippo Terracciano,Juventus,False,True,4,0,
sofascore,13981623,2026-01-12T19:45Z,Juventus,Cremonese,5,64,64,0,Weston McKennie,Juventus,False,False,5,0,
